Workbook

Sheet Box Layout
A1: Edward Liu L.plantarum Mutant Box Layout
B2: A | C2: B | D2: C | E2: D | F2: E | G2: F | H2: G | I2: H | J2: I
A3: 1 | B3: LPEL001 | C3: LPEL010 | D3: LPEL019 | E3: 0 | F3: 0 | G3: ='data entry'!$D$54 -> 0 | H3: ='data entry'!$D$64 -> 0 | I3: ='data entry'!$D$64 -> 0 | J3: ='data entry'!$D$64 -> 0 | M3: Natural Isolates (Whole Population) | O3: LPEL001 | P3: FA2.23 | Q3: A/E/I
A4: 2 | B4: LPEL002 | C4: LPEL011 | D4: LPEL020 | E4: 0 | F4: 0 | G4: ='data entry'!$D$54 -> 0 | H4: ='data entry'!$D$64 -> 0 | I4: ='data entry'!$D$64 -> 0 | J4: ='data entry'!$D$64 -> 0 | M4: Natural Isolates (Clones) | O4: LPEL002 | P4: MS3.4
A5: 3 | B5: LPEL003 | C5: LPEL012 | D5: LPEL021 | E5: 0 | F5: 0 | G5: ='data entry'!$D$54 -> 0 | H5: ='data entry'!$D$64 -> 0 | I5: ='data entry'!$D$64 -> 0 | J5: ='data entry'!$D$64 -> 0 | M5: Experimental Evolution (Whole Population) | O5: LPEL003 | P5: MS3.30
A6: 4 | B6: LPEL004 | C6: LPEL013 | D6: LPEL022 | E6: 0 | F6: 0 | G6: ='data entry'!$D$55 -> 0 | H6: ='data entry'!$D$65 -> 0 | I6: ='data entry'!$D$75 -> 0 | J6: ='data entry'!$D$85 -> 0 | M6: Experimental Evolution (Clones) | O6: LPEL004 | P6: FA2.9 | Q6: A/E/I
A7: 5 | B7: LPEL005 | C7: LPEL014 | D7: LPEL023 | E7: 0 | F7: 0 | G7: ='data entry'!$D$56 -> 0 | H7: ='data entry'!$D$66 -> 0 | I7: ='data entry'!$D$76 -> 0 | J7: ='data entry'!$D$86 -> 0 | M7: Manipulated Strains | O7: LPEL005 | P7: MS3.14
A8: 6 | B8: LPEL006 | C8: LPEL015 | D8: 0 | E8: 0 | F8: 0 | G8: ='data entry'!$D$57 -> 0 | H8: ='data entry'!$D$67 -> 0 | I8: ='data entry'!$D$77 -> 0 | J8: ='data entry'!$D$87 -> 0 | M8: Copies From Pre-Existing Strains | O8: LPEL006 | P8: MS1.1
A9: 7 | B9: LPEL007 | C9: LPEL016 | D9: 0 | E9: 0 | F9: 0 | G9: ='data entry'!$D$58 -> 0 | H9: ='data entry'!$D$68 -> 0 | I9: ='data entry'!$D$78 -> 0 | J9: ='data entry'!$D$88 -> 0 | O9: LPEL007 | P9: MS3.11 | Q9: A/E/I
A10: 8 | B10: LPEL008 | C10: LPEL017 | D10: 0 | E10: 0 | F10: 0 | G10: ='data entry'!$D$59 -> 0 | H10: ='data entry'!$D$69 -> 0 | I10: ='data entry'!$D$79 -> 0 | J10: ='data entry'!$D$89 -> 0 | O10: LPEL008 | P10: FA1.7
A11: 9 | B11: LPEL009 | C11: LPEL018 | D11: 0 | E11: 0 | F11: 0 | G11: ='data entry'!$D$60 -> 0 | H11: ='data entry'!$D$70 -> 0 | I11: ='data entry'!$D$80 -> 0 | J11: ='data entry'!$D$90 -> 0 | O11: LPEL009 | P11: FA2.4
O12: LPEL010 | P12: FA1.21 | Q12: E
O13: LPEL011 | P13: FA1.22 | Q13: E
O14: LPEL012 | P14: MS2.16 | Q14: E
O15: LPEL013 | P15: MS3.29 | Q15: E
O16: LPEL014 | P16: MS3.32 | Q16: E
O17: LPEL015 | P17: FA2.1 | Q17: E
O18: LPEL016 | P18: MS1.16 | Q18: E
O19: LPEL017 | P19: FA2.6 | Q19: E
O20: LPEL018 | P20: MS2.5 | Q20: E
O21: LPEL019 | P21: MS1.15 | Q21: E
O22: LPEL020 | P22: FA1.13 | Q22: E
O23: LPEL021 | P23: FA1.14 | Q23: E
... O25: LPEL023 | P25: MS1.4 | Q25: E

Sheet data entry
A1: BOX NAME | B1: TYPE | C1: SLOT | D1: VIAL LABEL | E1: STRAIN GENOTYPE | F1: DATE | G1: NOTES | N1: NOTES
A2: Edward Liu Box 1 | B2: MASTER STOCK | C2: A1 | D2: LPEL001 | E2: rpoB_C1468A | F2: 31/1/2024 | G2: Lactoplantibacillus Plantarum RIF resistant mutant strain isolated from lab drosophila working stock
A3: Edward Liu Box 1 | B3: MASTER STOCK | C3: A2 | D3: LPEL002 | E3: rpoB_C1468T | F3: 31/1/2024 | G3: Lactoplantibacillus Plantarum RIF resistant mutant strain isolated from lab drosophila working stock
A4: Edward Liu Box 1 | B4: MASTER STOCK | C4: A3 | D4: LPEL003 | E4: rpoB_C1484T | F4: 31/1/2024 | G4: Lactoplantibacillus Plantarum RIF resistant mutant strain isolated from lab drosophila working stock
A5: Edward Liu Box 1 | B5: MASTER STOCK | C5: A4 | D5: LPEL004 | E5: rpoB_C1583T | F5: 31/1/2024 | G5: Lactoplantibacillus Plantarum RIF resistant mutant strain isolated from lab drosophila working stock
A6: Edward Liu Box 1 | B6: MASTER STOCK | C6: A5 | D6: LPEL005 | E6: rpoB_G1478A | F6: 31/1/2024 | G6: Lactoplantibacillus Plantarum RIF resistant mutant strain isolated from lab drosophila working stock
A7: Edward Liu Box 1 | B7: MASTER STOCK | C7: A6 | D7: LPEL006 | E7: rpoB_G1493A | F7: 31/1/2024 | G7: Lactoplantibacillus Plantarum RIF resistant mutant strain isolated from lab drosophila working stock
A8: Edward Liu Box 1 | B8: MASTER STOCK | C8: A7 | D8: LPEL007 | E8: rpoB_C1477G | F8: 31/1/2024 | G8: Lactoplantibacillus Plantarum RIF resistant mutant strain isolated from lab drosophila working stock
A9: Edward Liu Box 1 | B9: MASTER STOCK | C9: A8 | D9: LPEL008 | E9: rpoB_C1477T | F9: 31/1/2024 | G9: Lactoplantibacillus Plantarum RIF resistant mutant strain isolated from lab drosophila working stock
A10: Edward Liu Box 1 | B10: MASTER STOCK | C10: A9 | D10: LPEL009 | E10: rpoB_G1438A | F10: 31/1/2024 | G10: Lactoplantibacillus Plantarum RIF resistant mutant strain isolated from lab drosophila working stock
A11: Edward Liu Box 1 | B11: MASTER STOCK | C11: B1 | D11: LPEL010 | E11: rpoB_A1430C | F11: 31/1/2024 | G11: Lactoplantibacillus Plantarum RIF resistant mutant strain isolated from lab drosophila working stock
A12: Edward Liu Box 1 | B12: MASTER STOCK | C12: B2 | D12: LPEL011 | E12: rpoB_A1594G | F12: 31/1/2024 | G12: Lactoplantibacillus Plantarum RIF resistant mutant strain isolated from lab drosophila working stock
A13: Edward Liu Box 1 | B13: MASTER STOCK | C13: B3 | D13: LPEL012 | E13: rpoB_C1429A | F13: 31/1/2024 | G13: Lactoplantibacillus Plantarum RIF resistant mutant strain isolated from lab drosophila working stock
... A29: BOX NAME | B29: TYPE | C29: SLOT | D29: VIAL LABEL | E29: STRAIN GENOTYPE | F29: DATE | G29: NOTES
A30: Edward Liu Box 2 | B30: WORKING STOCK | C30: A1 | D30: LPEL001 | E30: rpoB_C1468A | F30: 45475 | G30: Lactoplantibacillus Plantarum RIF resistant mutant strain isolated from lab drosophila working stock
A31: Edward Liu Box 2 | B31: WORKING STOCK | C31: A2 | D31: LPEL002 | E31: rpoB_C1468T | F31: 45475 | G31: Lactoplantibacillus Plantarum RIF resistant mutant strain isolated from lab drosophila working stock
A32: Edward Liu Box 2 | B32: WORKING STOCK | C32: A3 | D32: LPEL003 | E32: rpoB_C1484T | F32: 45475 | G32: Lactoplantibacillus Plantarum RIF resistant mutant strain isolated from lab drosophila working stock
A33: Edward Liu Box 2 | B33: WORKING STOCK | C33: A4 | D33: LPEL004 | E33: rpoB_C1583T | F33: 45475 | G33: Lactoplantibacillus Plantarum RIF resistant mutant strain isolated from lab drosophila working stock
A34: Edward Liu Box 2 | B34: WORKING STOCK | C34: A5 | D34: LPEL005 | E34: rpoB_G1478A | F34: 45475 | G34: Lactoplantibacillus Plantarum RIF resistant mutant strain isolated from lab drosophila working stock
A35: Edward Liu Box 2 | B35: WORKING STOCK | C35: A6 | D35: LPEL006 | E35: rpoB_G1493A | F35: 45475 | G35: Lactoplantibacillus Plantarum RIF resistant mutant strain isolated from lab drosophila working stock
A36: Edward Liu Box 2 | B36: WORKING STOCK | C36: A7 | D36: LPEL007 | E36: rpoB_C1477G | F36: 45475 | G36: Lactoplantibacillus Plantarum RIF resistant mutant strain isolated from lab drosophila working stock
A37: Edward Liu Box 2 | B37: WORKING STOCK | C37: A8 | D37: LPEL008 | E37: rpoB_C1477T | F37: 45475 | G37: Lactoplantibacillus Plantarum RIF resistant mutant strain isolated from lab drosophila working stock
A38: Edward Liu Box 2 | B38: WORKING STOCK | C38: A9 | D38: LPEL009 | E38: rpoB_G1438A | F38: 45475 | G38: Lactoplantibacillus Plantarum RIF resistant mutant strain isolated from lab drosophila working stock
A39: Edward Liu Box 2 | B39: WORKING STOCK | C39: B1 | D39: LPEL010 | E39: rpoB_A1430C | F39: 45475 | G39: Lactoplantibacillus Plantarum RIF resistant mutant strain isolated from lab drosophila working stock
A40: Edward Liu Box 2 | B40: WORKING STOCK | C40: B2 | D40: LPEL011 | E40: rpoB_A1594G | F40: 45475 | G40: Lactoplantibacillus Plantarum RIF resistant mutant strain isolated from lab drosophila working stock
A41: Edward Liu Box 2 | B41: WORKING STOCK | C41: B3 | D41: LPEL012 | E41: rpoB_C1429A | F41: 45475 | G41: Lactoplantibacillus Plantarum RIF resistant mutant strain isolated from lab drosophila working stock
... A52: Edward Liu Box 2 | B52: WORKING STOCK | C52: C5 | D52: LPEL023 | E52: rpoB_T1614A | F52: 45475 | G52: Lactoplantibacillus Plantarum RIF resistant mutant strain isolated from lab drosophila working stock
C57: F6
C58: F7
C59: F8
C60: F9
C61: F10
C62: G1
C63: G2
C64: G3
C65: G4
C66: G5
C67: G6
C68: G7
... C101: J10
